{
  "eval_overall_numeric": {
    "normalized_exact_match": 0.47368421052631576,
    "tolerance_accuracy": 0.48464912280701755,
    "best_of_k_accuracy": 0.47368421052631576,
    "best_of_k_tolerance_accuracy": 0.48464912280701755,
    "parseable_answer_rate": 0.9890350877192983,
    "malformed_answer_rate": 0.010964912280701754,
    "reasoning_tag_compliance": 0.9978070175438597,
    "solution_tag_compliance": 0.9978070175438597,
    "truncation_rate": 0.0,
    "average_completion_tokens": 25.833333333333332,
    "repetition_rate": 0.0001686909581646424,
    "sampled_answer_diversity": 0.9890350877192983,
    "sample_level_normalized_exact_match": 0.47368421052631576,
    "sample_level_tolerance_accuracy": 0.48464912280701755,
    "average_total_reward": 6.036129385964912,
    "reward_component/brevity_reward_mean": 0.993421052631579,
    "reward_component/correctness_reward_mean": 0.47368421052631576,
    "reward_component/finished_reward_mean": 0.9868421052631579,
    "reward_component/format_reward_mean": 1.9901315789473684,
    "reward_component/parseable_reward_mean": 0.9890350877192983,
    "reward_component/tolerance_reward_mean": 0.010964912280701754
  },
  "stage1_easy_numeric": {
    "normalized_exact_match": 0.4564102564102564,
    "tolerance_accuracy": 0.4564102564102564,
    "best_of_k_accuracy": 0.4564102564102564,
    "best_of_k_tolerance_accuracy": 0.4564102564102564,
    "parseable_answer_rate": 0.9692307692307692,
    "malformed_answer_rate": 0.03076923076923077,
    "reasoning_tag_compliance": 1.0,
    "solution_tag_compliance": 0.9794871794871794,
    "truncation_rate": 0.0,
    "average_completion_tokens": 25.215384615384615,
    "repetition_rate": 0.0,
    "sampled_answer_diversity": 0.9692307692307692,
    "sample_level_normalized_exact_match": 0.4564102564102564,
    "sample_level_tolerance_accuracy": 0.4564102564102564,
    "average_total_reward": 5.878974358974359,
    "reward_component/brevity_reward_mean": 0.9974358974358974,
    "reward_component/correctness_reward_mean": 0.4564102564102564,
    "reward_component/finished_reward_mean": 0.9692307692307692,
    "reward_component/format_reward_mean": 1.964102564102564,
    "reward_component/parseable_reward_mean": 0.9692307692307692,
    "reward_component/tolerance_reward_mean": 0.0
  },
  "stage2_float_numeric": {
    "normalized_exact_match": 0.43205574912891986,
    "tolerance_accuracy": 0.4529616724738676,
    "best_of_k_accuracy": 0.43205574912891986,
    "best_of_k_tolerance_accuracy": 0.4529616724738676,
    "parseable_answer_rate": 0.9860627177700348,
    "malformed_answer_rate": 0.013937282229965157,
    "reasoning_tag_compliance": 1.0,
    "solution_tag_compliance": 0.9930313588850174,
    "truncation_rate": 0.0,
    "average_completion_tokens": 25.916376306620208,
    "repetition_rate": 0.0,
    "sampled_answer_diversity": 0.9860627177700348,
    "sample_level_normalized_exact_match": 0.43205574912891986,
    "sample_level_tolerance_accuracy": 0.4529616724738676,
    "average_total_reward": 5.810278745644599,
    "reward_component/brevity_reward_mean": 0.9895470383275261,
    "reward_component/correctness_reward_mean": 0.43205574912891986,
    "reward_component/finished_reward_mean": 0.9860627177700348,
    "reward_component/format_reward_mean": 1.9860627177700347,
    "reward_component/parseable_reward_mean": 0.9860627177700348,
    "reward_component/tolerance_reward_mean": 0.020905923344947737
  },
  "stage3_hard_numeric": {
    "normalized_exact_match": 0.42016806722689076,
    "tolerance_accuracy": 0.42857142857142855,
    "best_of_k_accuracy": 0.42016806722689076,
    "best_of_k_tolerance_accuracy": 0.42857142857142855,
    "parseable_answer_rate": 0.9831932773109243,
    "malformed_answer_rate": 0.01680672268907563,
    "reasoning_tag_compliance": 1.0,
    "solution_tag_compliance": 1.0,
    "truncation_rate": 0.0,
    "average_completion_tokens": 26.26890756302521,
    "repetition_rate": 0.0006464124111182936,
    "sampled_answer_diversity": 0.9831932773109243,
    "sample_level_normalized_exact_match": 0.42016806722689076,
    "sample_level_tolerance_accuracy": 0.42857142857142855,
    "average_total_reward": 5.729411764705882,
    "reward_component/brevity_reward_mean": 0.9789915966386554,
    "reward_component/correctness_reward_mean": 0.42016806722689076,
    "reward_component/finished_reward_mean": 0.9831932773109243,
    "reward_component/format_reward_mean": 1.9915966386554622,
    "reward_component/parseable_reward_mean": 0.9831932773109243,
    "reward_component/tolerance_reward_mean": 0.008403361344537815
  }
}