{
  "eval_overall_numeric": {
    "normalized_exact_match": 0.48026315789473684,
    "tolerance_accuracy": 0.4868421052631579,
    "best_of_k_accuracy": 0.48026315789473684,
    "best_of_k_tolerance_accuracy": 0.4868421052631579,
    "parseable_answer_rate": 0.9890350877192983,
    "malformed_answer_rate": 0.010964912280701754,
    "reasoning_tag_compliance": 0.9978070175438597,
    "solution_tag_compliance": 0.9912280701754386,
    "truncation_rate": 0.0021929824561403508,
    "average_completion_tokens": 27.69517543859649,
    "repetition_rate": 7.309941520467836e-05,
    "sampled_answer_diversity": 0.9890350877192983,
    "sample_level_normalized_exact_match": 0.48026315789473684,
    "sample_level_tolerance_accuracy": 0.4868421052631579,
    "average_total_reward": 6.385690789473684,
    "reward_component/brevity_reward_mean": 0.9550438596491229,
    "reward_component/correctness_reward_mean": 0.48026315789473684,
    "reward_component/finished_reward_mean": 0.9868421052631579,
    "reward_component/format_reward_mean": 1.9835526315789473,
    "reward_component/parseable_reward_mean": 0.9890350877192983,
    "reward_component/tolerance_reward_mean": 0.0
  },
  "stage1_easy_numeric": {
    "normalized_exact_match": 0.46153846153846156,
    "tolerance_accuracy": 0.46153846153846156,
    "best_of_k_accuracy": 0.46153846153846156,
    "best_of_k_tolerance_accuracy": 0.46153846153846156,
    "parseable_answer_rate": 0.9897435897435898,
    "malformed_answer_rate": 0.010256410256410256,
    "reasoning_tag_compliance": 1.0,
    "solution_tag_compliance": 0.9948717948717949,
    "truncation_rate": 0.005128205128205128,
    "average_completion_tokens": 26.902564102564103,
    "repetition_rate": 0.0021613118181745632,
    "sampled_answer_diversity": 0.9897435897435898,
    "sample_level_normalized_exact_match": 0.46153846153846156,
    "sample_level_tolerance_accuracy": 0.46153846153846156,
    "average_total_reward": 6.341666666666667,
    "reward_component/brevity_reward_mean": 0.9564102564102565,
    "reward_component/correctness_reward_mean": 0.46153846153846156,
    "reward_component/finished_reward_mean": 0.9846153846153847,
    "reward_component/format_reward_mean": 1.9897435897435898,
    "reward_component/parseable_reward_mean": 0.9897435897435898,
    "reward_component/tolerance_reward_mean": 0.0
  },
  "stage2_float_numeric": {
    "normalized_exact_match": 0.43205574912891986,
    "tolerance_accuracy": 0.445993031358885,
    "best_of_k_accuracy": 0.43205574912891986,
    "best_of_k_tolerance_accuracy": 0.445993031358885,
    "parseable_answer_rate": 0.9895470383275261,
    "malformed_answer_rate": 0.010452961672473868,
    "reasoning_tag_compliance": 0.9965156794425087,
    "solution_tag_compliance": 0.9930313588850174,
    "truncation_rate": 0.0,
    "average_completion_tokens": 28.48432055749129,
    "repetition_rate": 0.0012690123769550238,
    "sampled_answer_diversity": 0.9895470383275261,
    "sample_level_normalized_exact_match": 0.43205574912891986,
    "sample_level_tolerance_accuracy": 0.445993031358885,
    "average_total_reward": 6.2665505226480835,
    "reward_component/brevity_reward_mean": 0.9337979094076655,
    "reward_component/correctness_reward_mean": 0.43205574912891986,
    "reward_component/finished_reward_mean": 0.9895470383275261,
    "reward_component/format_reward_mean": 1.9843205574912892,
    "reward_component/parseable_reward_mean": 0.9895470383275261,
    "reward_component/tolerance_reward_mean": 0.0
  },
  "stage3_hard_numeric": {
    "normalized_exact_match": 0.3949579831932773,
    "tolerance_accuracy": 0.40336134453781514,
    "best_of_k_accuracy": 0.3949579831932773,
    "best_of_k_tolerance_accuracy": 0.40336134453781514,
    "parseable_answer_rate": 0.9831932773109243,
    "malformed_answer_rate": 0.01680672268907563,
    "reasoning_tag_compliance": 1.0,
    "solution_tag_compliance": 0.9831932773109243,
    "truncation_rate": 0.008403361344537815,
    "average_completion_tokens": 28.680672268907564,
    "repetition_rate": 0.0032320620555914676,
    "sampled_answer_diversity": 0.9831932773109243,
    "sample_level_normalized_exact_match": 0.3949579831932773,
    "sample_level_tolerance_accuracy": 0.40336134453781514,
    "average_total_reward": 6.126050420168068,
    "reward_component/brevity_reward_mean": 0.9243697478991597,
    "reward_component/correctness_reward_mean": 0.3949579831932773,
    "reward_component/finished_reward_mean": 0.9747899159663865,
    "reward_component/format_reward_mean": 1.9747899159663866,
    "reward_component/parseable_reward_mean": 0.9831932773109243,
    "reward_component/tolerance_reward_mean": 0.0
  }
}