Phase,Checkpoint,Exact,Tol,Parseable,Avg Reward,Structure,Correctness,Composite
Baseline,baseline_rank8,0.17982456140350878,0.18201754385964913,0.2543859649122807,-0.08799342105263158,0.028508771929824567,0.18771929824561404,0.1163377192982456
Phase A,phase_a/checkpoint-237,0.48026315789473684,0.4868421052631579,0.9890350877192983,6.385690789473684,0.7421052631578946,0.5324561403508772,0.5858552631578947
Phase B,phase_b/checkpoint-180,0.49780701754385964,0.506578947368421,0.9780701754385965,5.875438596491228,0.7370614035087719,0.5475877192982456,0.5946271929824561
Phase C,phase_c/checkpoint-240,0.47368421052631576,0.48464912280701755,0.9890350877192983,6.036129385964912,0.7436403508771929,0.5274122807017544,0.5833333333333334
