{
  "eval_overall_numeric": {
    "normalized_exact_match": 0.49780701754385964,
    "tolerance_accuracy": 0.506578947368421,
    "best_of_k_accuracy": 0.49780701754385964,
    "best_of_k_tolerance_accuracy": 0.506578947368421,
    "parseable_answer_rate": 0.9780701754385965,
    "malformed_answer_rate": 0.021929824561403508,
    "reasoning_tag_compliance": 1.0,
    "solution_tag_compliance": 0.9912280701754386,
    "truncation_rate": 0.0021929824561403508,
    "average_completion_tokens": 26.67763157894737,
    "repetition_rate": 0.0004430267588162325,
    "sampled_answer_diversity": 0.9780701754385965,
    "sample_level_normalized_exact_match": 0.49780701754385964,
    "sample_level_tolerance_accuracy": 0.506578947368421,
    "average_total_reward": 5.875438596491228,
    "reward_component/brevity_reward_mean": 0.9835526315789473,
    "reward_component/correctness_reward_mean": 0.49780701754385964,
    "reward_component/finished_reward_mean": 0.9758771929824561,
    "reward_component/format_reward_mean": 1.980263157894737,
    "reward_component/parseable_reward_mean": 0.9780701754385965,
    "reward_component/tolerance_reward_mean": 0.0
  },
  "stage1_easy_numeric": {
    "normalized_exact_match": 0.4717948717948718,
    "tolerance_accuracy": 0.4717948717948718,
    "best_of_k_accuracy": 0.4717948717948718,
    "best_of_k_tolerance_accuracy": 0.4717948717948718,
    "parseable_answer_rate": 0.9846153846153847,
    "malformed_answer_rate": 0.015384615384615385,
    "reasoning_tag_compliance": 1.0,
    "solution_tag_compliance": 0.9948717948717949,
    "truncation_rate": 0.0,
    "average_completion_tokens": 26.102564102564102,
    "repetition_rate": 0.0,
    "sampled_answer_diversity": 0.9846153846153847,
    "sample_level_normalized_exact_match": 0.4717948717948718,
    "sample_level_tolerance_accuracy": 0.4717948717948718,
    "average_total_reward": 5.778589743589744,
    "reward_component/brevity_reward_mean": 0.9794871794871794,
    "reward_component/correctness_reward_mean": 0.4717948717948718,
    "reward_component/finished_reward_mean": 0.9846153846153847,
    "reward_component/format_reward_mean": 1.9871794871794872,
    "reward_component/parseable_reward_mean": 0.9846153846153847,
    "reward_component/tolerance_reward_mean": 0.0
  },
  "stage2_float_numeric": {
    "normalized_exact_match": 0.47735191637630664,
    "tolerance_accuracy": 0.49825783972125437,
    "best_of_k_accuracy": 0.47735191637630664,
    "best_of_k_tolerance_accuracy": 0.49825783972125437,
    "parseable_answer_rate": 0.9721254355400697,
    "malformed_answer_rate": 0.027874564459930314,
    "reasoning_tag_compliance": 0.9965156794425087,
    "solution_tag_compliance": 0.9930313588850174,
    "truncation_rate": 0.003484320557491289,
    "average_completion_tokens": 26.916376306620208,
    "repetition_rate": 0.0,
    "sampled_answer_diversity": 0.9721254355400697,
    "sample_level_normalized_exact_match": 0.47735191637630664,
    "sample_level_tolerance_accuracy": 0.49825783972125437,
    "average_total_reward": 5.765156794425087,
    "reward_component/brevity_reward_mean": 0.9773519163763066,
    "reward_component/correctness_reward_mean": 0.47735191637630664,
    "reward_component/finished_reward_mean": 0.9686411149825784,
    "reward_component/format_reward_mean": 1.975609756097561,
    "reward_component/parseable_reward_mean": 0.9721254355400697,
    "reward_component/tolerance_reward_mean": 0.0
  },
  "stage3_hard_numeric": {
    "normalized_exact_match": 0.3865546218487395,
    "tolerance_accuracy": 0.4117647058823529,
    "best_of_k_accuracy": 0.3865546218487395,
    "best_of_k_tolerance_accuracy": 0.4117647058823529,
    "parseable_answer_rate": 0.9663865546218487,
    "malformed_answer_rate": 0.03361344537815126,
    "reasoning_tag_compliance": 1.0,
    "solution_tag_compliance": 0.9915966386554622,
    "truncation_rate": 0.0,
    "average_completion_tokens": 27.016806722689076,
    "repetition_rate": 0.0,
    "sampled_answer_diversity": 0.9663865546218487,
    "sample_level_normalized_exact_match": 0.3865546218487395,
    "sample_level_tolerance_accuracy": 0.4117647058823529,
    "average_total_reward": 5.351680672268907,
    "reward_component/brevity_reward_mean": 0.9915966386554622,
    "reward_component/correctness_reward_mean": 0.3865546218487395,
    "reward_component/finished_reward_mean": 0.9663865546218487,
    "reward_component/format_reward_mean": 1.9747899159663866,
    "reward_component/parseable_reward_mean": 0.9663865546218487,
    "reward_component/tolerance_reward_mean": 0.0
  }
}