{
  "eval_overall_numeric": {
    "normalized_exact_match": 0.17982456140350878,
    "tolerance_accuracy": 0.18201754385964913,
    "best_of_k_accuracy": 0.17982456140350878,
    "best_of_k_tolerance_accuracy": 0.18201754385964913,
    "parseable_answer_rate": 0.2543859649122807,
    "malformed_answer_rate": 0.7456140350877193,
    "reasoning_tag_compliance": 0.3684210526315789,
    "solution_tag_compliance": 0.25877192982456143,
    "truncation_rate": 0.7412280701754386,
    "average_completion_tokens": 61.578947368421055,
    "repetition_rate": 0.024417512641513837,
    "sampled_answer_diversity": 0.2543859649122807,
    "sample_level_normalized_exact_match": 0.17982456140350878,
    "sample_level_tolerance_accuracy": 0.18201754385964913,
    "average_total_reward": -0.08799342105263158,
    "reward_component/brevity_reward_mean": -0.7730263157894737,
    "reward_component/correctness_reward_mean": 0.17982456140350878,
    "reward_component/finished_reward_mean": -0.5087719298245614,
    "reward_component/format_reward_mean": 0.2543859649122807,
    "reward_component/parseable_reward_mean": 0.2543859649122807,
    "reward_component/tolerance_reward_mean": 0.0
  },
  "stage1_easy_numeric": {
    "normalized_exact_match": 0.1641025641025641,
    "tolerance_accuracy": 0.1641025641025641,
    "best_of_k_accuracy": 0.1641025641025641,
    "best_of_k_tolerance_accuracy": 0.1641025641025641,
    "parseable_answer_rate": 0.28717948717948716,
    "malformed_answer_rate": 0.7128205128205128,
    "reasoning_tag_compliance": 0.4256410256410256,
    "solution_tag_compliance": 0.29743589743589743,
    "truncation_rate": 0.6923076923076923,
    "average_completion_tokens": 60.82051282051282,
    "repetition_rate": 0.020159146977526143,
    "sampled_answer_diversity": 0.28717948717948716,
    "sample_level_normalized_exact_match": 0.1641025641025641,
    "sample_level_tolerance_accuracy": 0.1641025641025641,
    "average_total_reward": 0.19807692307692307,
    "reward_component/brevity_reward_mean": -0.7051282051282052,
    "reward_component/correctness_reward_mean": 0.1641025641025641,
    "reward_component/finished_reward_mean": -0.40512820512820513,
    "reward_component/format_reward_mean": 0.36666666666666664,
    "reward_component/parseable_reward_mean": 0.28717948717948716,
    "reward_component/tolerance_reward_mean": 0.0
  },
  "stage2_float_numeric": {
    "normalized_exact_match": 0.12195121951219512,
    "tolerance_accuracy": 0.12195121951219512,
    "best_of_k_accuracy": 0.12195121951219512,
    "best_of_k_tolerance_accuracy": 0.12195121951219512,
    "parseable_answer_rate": 0.1672473867595819,
    "malformed_answer_rate": 0.8327526132404182,
    "reasoning_tag_compliance": 0.3205574912891986,
    "solution_tag_compliance": 0.17073170731707318,
    "truncation_rate": 0.8292682926829268,
    "average_completion_tokens": 62.07665505226481,
    "repetition_rate": 0.02480766847595666,
    "sampled_answer_diversity": 0.1672473867595819,
    "sample_level_normalized_exact_match": 0.12195121951219512,
    "sample_level_tolerance_accuracy": 0.12195121951219512,
    "average_total_reward": -0.7321428571428571,
    "reward_component/brevity_reward_mean": -0.837979094076655,
    "reward_component/correctness_reward_mean": 0.12195121951219512,
    "reward_component/finished_reward_mean": -0.6724738675958188,
    "reward_component/format_reward_mean": 0.07491289198606271,
    "reward_component/parseable_reward_mean": 0.1672473867595819,
    "reward_component/tolerance_reward_mean": 0.0
  },
  "stage3_hard_numeric": {
    "normalized_exact_match": 0.09243697478991597,
    "tolerance_accuracy": 0.09243697478991597,
    "best_of_k_accuracy": 0.09243697478991597,
    "best_of_k_tolerance_accuracy": 0.09243697478991597,
    "parseable_answer_rate": 0.16806722689075632,
    "malformed_answer_rate": 0.8319327731092437,
    "reasoning_tag_compliance": 0.3025210084033613,
    "solution_tag_compliance": 0.17647058823529413,
    "truncation_rate": 0.8151260504201681,
    "average_completion_tokens": 62.35294117647059,
    "repetition_rate": 0.020773093848325454,
    "sampled_answer_diversity": 0.16806722689075632,
    "sample_level_normalized_exact_match": 0.09243697478991597,
    "sample_level_tolerance_accuracy": 0.09243697478991597,
    "average_total_reward": -0.805672268907563,
    "reward_component/brevity_reward_mean": -0.8529411764705882,
    "reward_component/correctness_reward_mean": 0.09243697478991597,
    "reward_component/finished_reward_mean": -0.6722689075630253,
    "reward_component/format_reward_mean": 0.06302521008403361,
    "reward_component/parseable_reward_mean": 0.16806722689075632,
    "reward_component/tolerance_reward_mean": 0.0
  }
}